{"total_connections": 12, "allowed_connections": 4, "blocked_connections": 8, "error_connections": 0, "traffic_in": 12167269, "traffic_out": 51127, "speed_in_bps": 0.0, "speed_out_bps": 0.0, "avg_speed_in_bps": 9588062.625309344, "avg_speed_out_bps": 37348.27064888006, "efficiency": 66.66666666666666, "fragment_method": "sni", "host": "127.0.0.1", "port": 8881, "timestamp": "2026-02-24T17:27:37.311336"}